,,,First Post-Synsacral Vertebra,,,,,,,,Mid-Caudal Vertebra,,,,,,,,Propygostylar Vertebra,,,,,,,,,,,Body Size Proxy Metrics,,,,,
Species,Specimen,Sex,Centrum Length,Centrum Width,Centrum Height,Spinous Process Height,Spinous Process Length,Spinous Process Width,Transverse Process Length,Transverse Process  Width,Centrum Length,Centrum Width,Centrum Height,Spinous Process Height,Spinous Process Length,Spinous Process  Width,Transverse Process Length,Transverse Process  Width,Centrum Length,Centrum Width,Centrum Height,Spinous Process Height,Spinous Process Length,Spinous Process  Width,Transverse Process Length,Transverse Process  Width,Ventral Process Height,Ventral Process Length,Ventral Process Width,Left Femur Length,Synsacrum Length,Sternum Length,Sternum Width,Sternal Keel Height,Pygostyle Size (mm2)
Copsychus malabaricus,AMNH 11766,F,1.04,1.21,0.13,0.44,1.16,0.33,0.3,1.65,0.915,0.995,0.54,1.01,1.01,0.2,0.69,1.845,0.54,0.83,0.13,0.78,0.58,0.09,0.63,1.64,0.84,0.52,0.88,18.43,13.01,17.7,10.42,6.14,15.33
,AMNH 12064,F,1.46,1.28,0.32,0.19,0.66,0.32,0.5,1.17,1.295,1.19,0.77,0.735,0.6,0.22,0.595,1.38,1.29,0.89,0.16,0.61,0.68,0.21,0.88,1.28,0.9,0.61,0.75,18.4,12.43,18.6,11.46,7.43,17.266
,FMNH 104407,F,1.72,2.04,0.92,0.83,1.13,0.52,1.02,1.58,1.625,1.64,1.09,0.94,1.5,0.395,1.23,1.83,1.29,1.53,0.91,1.1,0.73,0.39,0.63,1.19,1.3,0.79,1.09,19.3,14.57,19.74,10.47,7.58,13.883
,FMNH 347527,F,1.51,2.06,0.94,0.71,1.25,0.43,0.91,1.31,1.36,1.82,0.93,1.26,0.93,0.35,0.99,1.95,1.35,1.7,1.3,1.08,0.72,0.27,0.59,1.61,1.24,0.75,1.16,17.86,13.12,19.25,11.29,6.68,13.325
,KU 41039,F,1.7,2.03,0.86,1,1.99,0.3,1.2,1.78,1.7,1.8,1.17,1.45,1.69,0.35,0.86,1.8,1.23,1.71,1.18,1.17,0.78,0.36,0.54,0.69,1.23,1.07,1.86,21.44,14.74,20.75,11.01,6.24,15.777
,LSUMZ 160302,F,1.83,1.9,0.85,0.67,1.29,0.42,0.9,1.24,1.575,1.6,1.55,1.45,1.405,0.25,1.16,2.135,1.67,1.35,0.88,1.28,0.88,0.32,0.89,1.04,1.21,0.97,1.24,19.21,14.69,21.63,12.23,7.74,14.312
,UMMZ 158305,F,1.47,2.13,1.03,0.76,1.29,0.58,0.75,1.69,1.89,1.85,0.97,1.25,1.245,0.46,1.16,2.025,1.7,1.56,1.07,0.97,0.95,0.53,1.03,1.45,1.17,0.86,1.15,20.62,13.62,19.69,12.94,6.42,16.997
,USNM 320004,F,1.95,1.93,0.86,0.74,1.75,0.37,0.94,1.19,1.8,1.605,1.075,1.47,1.875,0.25,1.02,1.81,1.27,1.51,1.01,1.11,0.82,0.19,1.11,1.78,1,1,1.17,18.6,14.4,22.37,11.84,7.87,18.953
,USNM 612142,F,1.65,1.86,0.84,0.57,1.25,0.51,0.94,1.61,1.545,1.425,0.78,1.23,1.095,0.345,1,2.125,1.33,1.9,0.93,0.84,0.79,0.27,0.72,1.41,1.34,0.88,1.23,19.75,14.2,21.18,11.26,7.49,17.51
,YPM 104000,F,1.64,1.04,0.42,0.47,1.05,0.27,0.45,1.15,1.405,1.21,0.97,1.035,1.475,0.315,0.775,1.595,1.1,1.16,0.46,1.17,0.45,0.18,0.95,1.74,1.12,0.68,0.8,18.44,12.79,21.96,11.41,7.23,19.952
,YPM 107337,F,1.39,1.43,0.42,0.44,1.33,0.39,0.89,1.06,1.11,1.145,0.555,0.925,0.835,0.29,0.47,1.945,1.47,1.13,0.3,1.34,0.44,0.26,0.35,1.43,1.04,0.7,1.21,18.24,12.66,19.44,11.02,6.81,16.981
,AMNH 25552,M,1.41,1.27,0.13,0.33,1.14,0.37,0.57,1.73,1.36,1.545,0.325,0.84,1.01,0.18,0.685,1.76,1.32,1.67,0.54,1.12,0.65,0.27,0.66,1.52,1.37,0.75,1.18,20.01,14.77,20.85,12.37,7.61,22.553
,FMNH 104555,M,1.57,2,1.12,0.58,1.43,0.43,0.9,1.59,1.77,1.71,1.06,1.22,1.22,0.36,1.15,2.06,1.38,1.52,0.9,1.19,1.39,0.49,1.2,1.64,1.46,0.8,1.15,20.15,13.06,21.71,12.38,7.83,18.135
,FMNH 106227,M,1.59,1.99,0.99,0.69,1.45,0.53,0.89,1.56,1.565,1.895,1.15,1.045,1.685,0.365,1.355,1.94,1.44,1.77,1.06,0.92,0.89,0.16,1.05,1.63,0.91,0.84,1.14,19.55,15.23,22.75,11.46,8.72,19.229
,FMNH 106503,M,1.88,1.98,0.98,0.57,0.96,0.55,0.82,1.37,1.46,1.96,1.36,1.16,1.26,0.35,1.44,2.07,1.51,1.53,1.01,0.96,1.37,0.23,0.9,1.05,1.48,1.01,1.28,19.05,13.75,22.99,11.18,8.83,16.436
,FMNH 313388,M,1.61,2.35,1.12,0.51,1.69,0.64,0.85,1.69,1.28,1.79,1.16,1.02,1.48,0.31,1.14,2.11,1.51,1.58,1.01,1.61,1.18,0.38,0.84,2.11,1.27,0.89,0.95,19.33,13.51,21.04,12.35,7.14,17.403
,LACM 112308,M,1.53,1.86,1.01,0.51,1.41,0.41,0.82,1.36,1.55,1.975,1.14,0.655,1.07,0.3,1.06,1.84,1.54,1.78,0.97,1.08,0.89,0.25,1.12,1.67,1.19,1.02,1.07,19.22,14.19,21.1,12.9,7.34,20.094
,LACM 80389,M,1.74,1.79,0.95,0.81,1.92,0.29,1.03,1.42,1.655,1.715,1.06,1.54,1.625,0.22,1.01,1.835,1.32,1.68,1,1.24,1.05,0.38,0.87,1.88,1.21,1.02,0.74,19.46,14,22.95,11.29,8.28,17.141
,LACM 89387,M,1.68,1.67,0.92,0.77,1.4,0.27,1.1,1.55,1.69,1.63,0.98,1.505,1.395,0.325,1.105,2.16,1.31,1.42,0.91,1.07,0.89,0.42,0.92,2.09,1.21,0.9,0.92,19.41,13.8,21.94,10.87,7.57,18.306
,LACM 89388,M,1.53,1.84,0.69,0.8,1.55,0.35,0.69,1.36,1.53,1.76,1.15,1.6,1.69,0.27,0.98,2.17,1.45,1.46,0.98,1.36,1,0.21,0.93,1.11,1.5,0.81,1.11,18.73,13.97,21.29,11.83,7.87,14.688
,LACM 89390,M,1.74,1.87,0.99,0.58,1.6,0.43,0.81,1.27,1.48,1.86,1.14,1.32,1.36,0.32,0.86,1.595,1.47,1.37,1,0.87,0.92,0.33,1.01,1.42,1.11,0.72,1.14,18.61,14.38,23.09,11.21,7.79,17.892
,LSUMZ 136508,M,1.63,1.97,1.05,0.77,1.66,0.37,1.12,1.52,1.595,1.76,1.265,1.335,1.4,0.275,1.185,1.895,1.5,1.51,0.95,1.47,1.04,0.44,1.17,1.29,1.28,1.05,1.15,18.37,16.89,20.08,11.33,7.61,15.992
,LSUMZ 160300,M,1.48,1.99,0.86,0.97,1.71,0.33,0.91,1.91,1.775,1.675,1.33,1.605,1.4,0.365,1.26,1.975,1.45,1.66,1.08,1.4,0.97,0.31,1.21,2,1.09,0.77,1.09,18.61,14.19,21.26,11.41,7.71,19.644
,LSUMZ 160301,M,1.51,1.86,0.96,0.7,1.1,0.4,0.75,1.25,1.57,1.72,1.12,1.44,1.22,0.29,1.01,2.05,2.03,1.36,0.91,1.46,0.97,0.19,0.94,1.55,1.45,0.84,1.14,19.82,14.25,21.93,12.09,8.38,17.815
,LSUMZ 81390,M,1.47,1.89,1.17,0.84,1.68,0.41,0.85,1.24,1.575,1.56,1.215,1.805,1.675,0.39,1.085,1.835,1.47,2.01,0.87,1.48,0.9,0.49,1.14,1.32,1.19,0.83,1.08,20.07,17.18,22.99,12.53,7.52,19.315
,UMMZ 217762,M,1.66,1.89,0.82,0.74,1.38,0.54,0.8,1.83,1.33,1.92,1.33,1.18,1.82,0.35,0.99,2.38,1.26,1.5,1.23,1.08,1.31,0.29,0.92,1.25,1.44,0.89,1.53,19.51,14.38,21.9,11.3,7.89,9.984
,USNM 344467,M,1.74,2.16,0.84,0.6,1.71,1.4,0.95,1.71,1.56,1.78,1.12,1.37,1.345,0.39,0.895,1.875,1.56,1.77,1.07,1.44,0.96,0.25,0.93,2.06,1.03,0.8,0.81,19.07,15.06,22.16,12.21,7.97,19.889
,USNM 345285,M,1.73,1.92,0.82,0.91,1.57,0.48,0.68,1.54,1.66,1.69,1.06,1.24,1.86,0.41,0.97,2.31,1.23,1.27,0.69,1.18,0.73,0.44,0.73,1.15,1.77,0.68,1.05,19.64,14.58,21.8,10.9,7.87,17.233
,USNM 429853,M,1.6,1.81,0.88,0.59,1.18,0.25,0.77,1.19,1.53,1.7,1.17,1.32,1.755,0.335,1.24,1.585,1.47,1.55,0.78,1.14,1.3,0.47,0.89,1.68,1.23,0.9,0.98,18.83,15.94,21.44,12.01,7.87,20.549
,USNM 556952,M,1.27,1.7,0.74,0.45,1.37,0.29,0.66,1.95,1.67,1.62,1.27,1.49,1.56,0.31,1.17,1.83,1.23,1.32,0.84,0.64,0.99,0.28,0.85,1.49,0.84,0.78,0.84,18.3,13.5,20.66,11.65,7.11,17.244
,USNM 559101,M,1.65,1.86,0.84,0.57,1.25,0.51,0.94,1.61,1.545,1.425,0.78,1.23,1.095,0.345,1,2.125,1.33,1.9,0.93,0.84,0.79,0.27,0.72,1.41,1.34,0.88,1.23,19.98,14.34,22.57,11.64,7.33,18.974
,USNM 612143,M,1.72,1.86,0.8,0.75,1.92,0.32,1.4,1.51,1.505,1.945,0.98,1.285,1.225,0.238,1.09,2.075,1.33,1.74,0.96,1.42,0.82,0.26,0.98,1.56,1.39,0.85,1.27,19.58,14.16,21.56,12.35,7.62,19.093
,YPM 104008,M,1.58,1.95,0.52,0.69,1.31,0.2,0.96,1.21,1.505,1.245,0.8,0.735,1.715,0.36,0.975,2.04,1.11,1.53,0.98,0.95,0.96,0.42,0.71,1.37,1.27,0.78,1.22,19.86,13.88,20.13,13.16,7.18,22.735
,YPM 105079,M,1.71,1.98,0.57,0.68,1.38,0.46,0.59,1.37,1.55,1.28,0.89,1.29,0.93,0.33,0.85,1.62,1.05,1.18,0.66,0.76,0.58,0.24,0.58,0.83,0.8,0.25,1.45,21.3,14.85,21.1,13.28,6.12,23.112
,YPM 107338,M,1.31,1.9,0.65,0.36,0.97,0.27,0.93,1.63,1.3,1.485,0.705,0.8,1.48,0.27,0.73,2.11,1.25,1.43,0.61,1.01,0.62,0.18,0.76,1.48,1.31,0.64,0.91,19.44,13.47,20.27,12.25,6.77,17.876
,YPM 107339,M,1.27,1.39,0.7,0.35,0.89,0.24,0.87,1.57,1.58,1.3,0.72,0.97,1.51,0.24,1.15,2.04,0.93,1.1,0.47,0.97,0.74,0.32,1.33,1.49,1.5,0.65,1.43,19.4,13.6,20.64,11.66,7.03,14.852
Copsychus saularis,KU 116883,F,1.6,2.11,1.07,0.91,1.47,0.53,0.97,1.69,1.565,1.795,1.125,1.25,0.945,0.37,0.925,1.975,1.61,1.85,0.96,1.05,0.79,0.46,0.96,1.72,1.15,0.71,1.13,20.2,16.2,20.11,12.03,6.48,16.425
,LACM 89384,F,1.94,2.11,0.8,0.74,1.68,0.27,0.81,1.4,1.785,1.77,1.31,1.36,1.635,0.235,1.145,1.895,1.5,1.76,1.48,1.61,0.93,0.11,1.12,2.09,1.33,0.73,0.88,21.691,15.86,22.43,12.6,8.24,18.073
,LSUMZ 149023,F,1.97,1.98,0.74,0.77,1.72,0.29,1.01,1.8,1.76,1.81,1.42,1.67,1.78,0.28,1.21,2.19,1.49,1.87,1.1,1.8,1.12,0.44,1.09,1.92,1.69,0.95,1.2,21.21,17.01,22.7,12.27,7.88,17.741
,USNM 291738,F,1.62,1.81,0.88,0.59,1.49,0.39,1.01,1.85,1.79,1.79,1.31,1.21,1.63,0.4,1.32,2.31,1.79,1.57,0.75,1.05,1,0.39,1.12,1.88,1.34,1.03,1.11,21.36,16.62,23.23,12.65,8.1,19.982
,USNM 344017,F,1.77,1.95,0.81,0.53,1.56,0.28,0.78,1.35,1.79,1.76,1.235,1.11,1.195,0.335,1.2,1.955,1.79,1.89,0.94,0.64,0.78,0.48,0.83,2.1,1.5,0.92,0.94,21.68,15.18,22.58,12.19,7.6,16.516
,AMNH 23235,M,1.08,1.59,0.67,0.22,1.06,0.3,0.64,1.09,1.53,1.44,0.63,0.35,0.73,0.33,0.68,1.24,1.24,0.94,0.68,0.48,0.59,0.37,0.63,0.61,1.18,0.68,1.51,22.15,14.83,21.52,11.96,7.32,14.045
,AMNH 25896,M,1.59,1.52,0.29,0.74,0.96,0.44,1.27,1.51,1.57,1.39,0.52,0.91,1.08,0.27,0.945,1.835,1.49,1.39,0.59,1.26,0.53,0.75,0.75,1.91,1.3,0.8,1.26,22.72,15.13,23.5,12.15,7.78,17.762
,AMNH 29729,M,1.54,1.85,0.63,0.69,1.16,0.35,1.12,1.15,1.345,1.3,0.825,0.755,0.905,0.275,1.19,2.19,1.64,1.83,0.61,1.18,0.79,0.35,0.92,2.13,1.36,0.86,1.3,22.8,18.05,21.91,12.3,7.46,19.895
,FMNH 104514,M,1.65,2.07,0.85,1.03,0.87,0.35,1.1,1.93,1.37,1.82,0.89,1.06,0.98,0.46,1.28,1.97,1.12,1.93,1.1,1.05,0.82,0.34,0.8,2.1,1.56,1.07,1.62,23.3,17.18,23.59,13.41,7.59,16.937
,FMNH 344998,M,1.66,2.38,0.91,0.69,1.81,0.65,1.17,1.72,1.845,2.04,1.02,1.215,1.575,0.555,1.27,2.06,1.21,1.99,0.92,0.98,0.83,0.37,1.01,1.39,1.29,0.9,1.3,21.57,15.97,21.37,11.68,7.48,15.832
,LACM 89383,M,1.89,2.13,0.9,0.88,1.74,0.44,1.21,1.45,1.78,1.8,1.6,1.59,1.01,0.3,1.8,1.95,1.6,1.53,1.31,1.46,1.12,0.28,1.35,1.52,1.66,0.77,1.2,22.29,16.77,23.38,10.92,7.92,17.39
,UMMZ 213987,M,1.76,2.04,0.76,0.82,1.26,0.4,0.93,1.85,1.995,1.735,1.125,1.705,1.375,0.325,1.155,2.025,2.1,1.72,0.98,1.62,0.97,0.28,1.09,2.28,1.12,1.05,1.14,21.98,16.71,23.13,11.27,7.84,15.758
,UMMZ 217761,M,1.9,2.06,0.84,0.5,1.63,0.43,1.03,1.47,1.725,1.74,1.385,1.66,1.86,0.335,1.745,1.895,1.65,1.96,1.28,1.39,1.22,0.18,1.15,1.65,1.4,1.18,1.26,21.64,17.23,23.77,12.97,8.59,22.001
,USNM 291739,M,1.74,2.13,0.97,0.78,1.85,0.31,0.84,1.48,1.78,1.6,1.07,1.57,1.44,0.28,1.1,1.86,1.61,1.82,1.03,0.96,1,0.35,1.06,2.14,1.69,0.9,1.56,22.73,16.64,24.79,11.78,7.93,21.342
,USNM 292321,M,1.56,2.04,0.8,0.72,1.39,0.23,0.69,1.79,1.495,1.69,0.95,1.63,1.28,0.31,0.87,1.97,1.37,1.67,1.05,1.09,0.7,0.14,1.29,1.81,1.39,0.73,0.77,20.99,16,20.41,11.24,8.43,19.229
,USNM 343323,M,1.9,1.98,0.91,0.93,1.98,0.51,1.04,1.43,1.775,1.875,1.125,1.42,1.94,0.325,1.74,1.665,1.3,1.76,0.99,0.82,0.72,0.5,1.14,1.63,1.2,1,1.28,20.98,15.05,23.32,12.33,7.65,20.315
,USNM 344374,M,1.86,2.07,0.78,0.81,1.72,0.41,1.1,1.58,1.69,1.49,1.11,1.26,1.38,0.32,1.46,2,1.56,1.95,1.12,1.05,0.94,0.29,0.93,1.96,1.74,1.08,1.31,20.98,15.62,22.72,11.78,8,15.674
,USNM 345699,M,1.7,2,0.94,0.86,2.07,0.62,1.57,1.88,1.95,1.83,1.23,1.52,1.4,0.33,1.09,1.72,1.43,1.89,1.22,1.11,0.94,0.1,1.44,2.04,2.12,1.11,1.38,23.15,17.18,24.39,13.68,8.78,19.781
Quiscalus major,AMNH 15873,F,2.48,1.64,0.73,1.01,0.82,0.43,1.58,2.01,2.155,2.275,0.995,1.41,0.99,0.455,1,2.23,1.88,2.69,1.87,1.42,0.99,0.27,1.13,2.03,1.93,1.4,0.94,32.25,22.96,26.75,17.58,12.84,45.522
,FMNH 343001,F,2.31,3.11,1.65,1.83,1.92,0.54,1.51,1.84,3.02,2.62,1.98,1.89,1.59,0.55,1.84,2.71,2.44,2.66,1.62,1.8,1.29,0.43,2.12,2.31,1.76,1.79,1.29,31.73,25.18,35.68,15.84,12.78,42.31
,FMNH 377705,F,2.78,2.98,1.21,1.19,2.08,0.49,1.66,2.1,2.55,2.965,1.66,1.785,1.75,21.735,1.975,2.205,2.21,2.72,1.62,1.77,1.41,0.99,1.39,1.82,1.94,1.12,1.04,33.17,25.04,34.99,15.24,12.12,38.138
,FMNH 377706,F,2.69,3.01,1.38,1.54,2.19,0.84,1.67,2.17,2.635,2.795,1.71,1.92,1.635,0.6,1.755,2.62,2.14,2.24,1.66,2.22,1.02,0.76,0.9,1.33,2.18,1.4,1.07,33.17,24.64,35.23,16.73,12.93,30.837
,FMNH 377707,F,2.22,2.93,1.5,1.34,2.51,0.67,1.52,1.91,2.365,2.65,1.65,1.645,1.795,0.485,1.67,2.845,2.15,2.91,1.97,1.96,1.18,0.4,1.88,2.11,1.87,1.42,0.99,32.48,24.28,35.03,17.98,12.58,38.845
,FMNH 377708,F,2.48,2.78,1.03,1.13,1.54,0.51,1.42,1.97,2.4,2.65,1.53,1.085,1.86,0.92,1.53,2.18,1.71,1.98,1.26,1.17,1.35,0.68,1.53,2.73,1.68,1.14,1.1,31.86,24.32,34.78,17.55,12.87,37.244
,FMNH 377712,F,2.7,2.91,1.38,1.78,1.68,0.49,1.39,2.3,2.565,2.455,1.68,1.98,1.88,0.575,1.68,2.54,2.06,2.65,1.43,1.76,1.48,0.44,2.34,1.89,2.58,1.58,0.96,34.15,24.8,34.8,16.32,12.56,39.777
,FMNH 377715,F,2.65,2.95,1.11,1.4,2.21,0.58,1.77,2.9,2.76,1.925,1.59,1.575,1.875,0.595,1.8,2.375,2.67,2.19,1.42,1.8,1.28,0.43,1.4,1.67,2.25,1.47,1.21,32.02,25.26,34.86,16.38,12.29,34.845
,FMNH 377725,F,2.19,3.08,1.56,1.69,1.97,0.78,1.57,1.85,2.77,2.76,1.45,1.835,1.995,0.6,2.065,1.84,1.85,2.27,1.72,1.86,1.36,0.39,1.72,1.17,2.17,1.68,1.05,33.05,24.66,34.8,17.31,12.76,37.636
,FMNH 377726,F,2.51,3.15,1.6,1.67,1.81,0.69,1.61,2.18,2.385,2.61,1.905,2.06,2.035,0.525,1.91,2.375,2.23,2.59,1.52,1.99,1.34,0.44,1.56,1.92,2.13,1.72,1.29,32.01,25.48,35.9,16.47,12.2,39.549
,FMNH 377740,F,2.53,2.79,1.16,1.27,1.63,0.46,1.59,2.3,2.525,2.46,1.6,1.885,1.61,0.44,1.66,2.565,2.12,2.15,1.32,1.76,1.46,0.34,1.4,0.97,1.86,1.45,1.25,32.04,23.96,31.34,15.4,12.43,32.353
,FMNH 377747,F,2.52,3.02,1.14,1.23,1.41,0.43,1.6,2.12,2.845,2.635,1.825,1.55,2.19,0.43,2.11,2.26,2.38,2.74,1.48,1.9,1.4,0.22,2.04,2.8,1.98,1.64,1.27,33.09,25.36,36.24,16.08,11.88,41.13
,FMNH 377748,F,3.17,3.42,1.44,1.79,3.31,0.9,1.7,2.43,2.935,3.12,2.035,2.3,2.295,0.565,1.935,2.67,2.89,2.86,1.19,2.03,1.15,0.51,2.05,3.3,1.97,1.78,1.77,39.94,30.64,43.92,19.66,14.95,56.24
,FMNH 432656,F,2.67,3.08,1.59,1.5,2.14,0.69,1.68,2.39,2.49,2.74,1.56,1.94,1.8,0.45,1.94,2.41,2.56,2.38,1.66,1.58,1.51,0.41,2.14,2.63,2.15,1.44,1.04,22.88,24.84,35.24,16.21,12.8,45.055
,KU 39022,F,2.63,3.03,1.49,1.26,2.14,0.43,1.56,2.07,2.465,2.65,1.89,1.76,1.675,0.47,1.86,2.465,2.16,3.38,1.49,1.64,1.17,0.29,1.06,1.1,2.04,1.41,0.96,33.49,24.88,35.34,17.04,11.62,34.415
,KU 39023,F,2.9,2.93,1.53,1.56,2.92,0.82,1.58,2.04,2.855,2.675,1.77,2.06,2.205,0.535,1.81,2.5,2.32,2.6,1.55,1.68,1.32,0.29,1.54,1.17,2.46,1.5,1.45,33.22,23.69,34.75,16.91,12.41,40.861
,LSUMZ 122894,F,2.44,2.26,1.07,0.5,2.07,0.57,1.24,2.42,2.375,2.31,1.375,1.425,2.385,0.32,1.82,1.93,2.41,2.24,1.54,1.29,1.11,0.22,1.48,2.04,1.44,1.36,0.72,31.08,23.67,30.82,14.15,10.03,33.151
,LSUMZ 122895,F,2.7,2.65,1.12,1.16,2.66,0.57,1.55,2.02,2.635,2.465,1.505,1.67,2.315,0.515,1.615,2.67,2.11,2.03,1.41,1.56,1.13,0.24,1.46,2.47,1.99,1.46,1.02,29.59,22.5,34.44,15.63,11.85,34.477
,LSUMZ 122896,F,2.5,2.78,1.35,1.49,2.52,0.7,1.36,1.86,2.28,2.635,1.895,2.02,1.92,0.51,1.865,2.905,1.83,2.67,1.64,1.36,1.3,0.53,1.31,2.15,1.97,1.51,1.13,32.51,24.09,34.21,15.63,12.04,34.528
,LSUMZ 152351,F,3,3.03,1.36,1.36,2.75,0.64,1.8,2.08,2.615,2.555,1.785,1.86,2,0.565,1.84,2.8,2.3,2.18,1.64,1.5,1.61,0.27,1.25,1.74,2.75,1.23,1.22,31.88,24.58,35.33,16.3,12.04,39.319
,LSUMZ 152352,F,2.66,2.77,0.94,1.07,2.45,0.61,1.31,2.26,2.545,2.725,1.825,1.87,1.85,0.61,1.665,3.005,1.97,2.63,1.1,1.46,1.37,0.34,1.43,2.63,2.51,1.36,1.22,31.18,24.52,34.34,14.77,11.54,38.501
,LSUMZ 152360,F,1.88,3.11,1.36,1.06,2.49,0.35,1.18,2.06,1.975,2.22,1.57,1.335,1.665,0.355,1.67,2.035,1.81,1.96,1.4,1.25,0.97,0.22,1.05,1.5,1.7,1.38,0.8,30.62,22.85,30.04,14.89,10.53,26.469
,LSUMZ 152365,F,2.79,2.94,1.45,1.45,2.81,0.51,1.69,1.83,2.525,2.745,1.78,2.015,1.88,0.48,1.915,3.055,2.26,2.66,1.56,1.4,1.38,0.64,1.48,2.15,2.32,1.51,1.1,32.1,24.07,34.56,15.75,11.89,30.652
,LSUMZ 152367,F,3.08,3.4,1.52,1.55,2.66,0.51,1.33,1.88,2.82,2.75,1.73,2.09,1.99,0.595,1.825,2.985,2.39,2.88,1.75,1.59,1.52,0.26,1.65,2.77,2.27,1.61,1.2,32.98,26.74,38.48,16.37,13.38,47.867
,LSUMZ 152375,F,2.21,2.62,1.48,1.45,2.32,0.47,1.35,1.88,2.525,2.36,1.5,1.765,1.865,0.465,1.77,2.825,2.11,2.47,1.46,1.38,1.05,0.28,1.17,2.07,2.38,1.27,1.2,31.46,23.6,32.94,16.36,12.05,33.953
,LSUMZ 73433,F,2.51,3.07,1.26,1.27,2.16,0.44,1.44,1.92,2.44,2.54,1.635,1.815,2.315,0.505,1.84,2.05,1.97,1.89,1.7,2.04,1.18,0.43,1.62,1.62,2.16,1.16,1.16,32.29,23.36,34.52,15.75,11.16,35.431
,LSUMZ 73443,F,2.45,2.68,1.27,1.2,2.65,0.54,1.56,2.14,2.47,2.65,1.63,1.76,2.13,0.455,1.75,2.43,2.42,2.25,1.39,1.71,1.2,0.15,1.28,1.36,2.29,1.45,1.42,32.71,23.94,34.37,16.78,12.11,32.936
,LSUMZ 73444,F,2.64,3.03,1.09,1.37,2.27,0.56,1.55,2.12,2.58,2.545,1.895,1.41,2.04,0.47,1.755,2.81,2.62,2.41,1.46,1.55,1.28,0.31,1.35,2.86,2.03,1.34,1.18,32.54,24.29,34.22,15.89,11.64,35.811
,LSUMZ 73446,F,2.79,2.96,0.96,1.35,2.19,0.48,1.58,2.29,2.965,2.81,1.92,1.765,2.42,0.435,2.065,2.77,2.63,2.75,1.61,1.62,1.39,0.52,1.57,2.28,2.56,1.41,1.04,31.82,24.5,33.88,15.76,11.62,38.586
,YPM 110442,F,2.47,2.29,1.1,0.52,2.56,0.53,0.63,1.71,2.205,1.96,0.685,1.47,1.075,0.455,1.19,2.43,1.84,2.23,0.85,1.59,0.62,0.44,1.41,0.46,1.34,1.28,1.42,32.07,22.17,32.39,16.05,11.08,25.858
,AMNH 16543,M,2.66,2.83,0.79,1.63,1.63,0.61,1.62,2.35,2.855,2.17,1.235,1.66,1.45,0.72,1.93,3.35,2.82,2.52,1.19,1.79,1.3,0.52,1.36,2.47,2.54,1.49,1.49,40.05,28.86,43.34,21.5,15.61,65.26
,AMNH 27446,M,2.54,2.92,1.14,1.38,2.51,0.73,1.69,1.66,2.4,2.32,1.205,1.715,1.58,0.805,1.335,3.45,2.67,3.14,2.14,1.94,1.07,0.58,1.49,2.47,2.73,1.24,2.13,38.14,27.4,43.21,22.03,15.44,62.993
,FMNH 348150,M,2.92,3.72,1.52,1.89,3.12,0.79,1.68,2.38,3.53,4.02,1.895,2.285,2.13,0.6,2.52,2.74,2.77,3.25,1.8,2.49,2.12,0.46,2.64,2.94,2.39,1.83,1.77,39.64,31.65,44.87,22.36,16.59,67.667
,FMNH 377716,M,3.11,3.86,1.74,1.73,2.53,0.76,2.17,2.48,2.98,2.97,2.015,2.065,2.56,0.605,2.08,2.975,2.58,3.17,1.77,2.12,1.45,0.27,2.59,2.74,2.61,2.08,2.01,39.23,30.85,43.67,22.61,15.79,62.293
,FMNH 377728,M,3.09,4.2,2.09,1.87,2.48,0.68,2.07,2.4,3.005,2.79,2.215,2.32,1.96,0.665,2.34,2.625,2.82,3.17,1.55,2.08,1.75,0.56,2.32,2.93,3.52,1.71,1.59,41.03,30.41,44.25,22.23,17,54.029
,FMNH 377730,M,3.5,3.34,1.57,1.8,3.34,0.61,1.6,2.25,3.19,2.555,2.31,1.97,2.32,0.645,2.12,2.835,3.06,2.92,1.71,1.97,1.43,0.45,1.55,2.82,2.19,1.49,1.93,39.93,28.71,42.93,20.57,16.03,57.646
,FMNH 377735,M,3.14,3.68,2.14,2.06,2.48,0.83,2.03,2.2,3.125,3.6,1.785,2.45,2.37,0.61,2.16,3.1,3.1,2.42,1.55,1.72,1.67,0.67,2.33,2.38,2.89,1.91,2.1,42.61,32.24,46.12,22.61,15.26,61.343
,FMNH 377738,M,3.11,3.83,1.67,1.82,2.37,0.86,1.76,2.02,3.535,3.165,1.72,2.435,2.57,0.755,2.43,2.74,2.8,2.48,1.08,1.99,2.1,0.64,2.05,3.23,3.02,1.76,1.77,39.11,30.61,43.3,20.26,16.13,66.209
,FMNH 377743,M,3.12,3.39,1.53,1.96,2.62,0.65,1.8,2.6,3.105,3.36,2.04,2.345,2.295,0.66,2.385,2.975,2.67,3.09,1.97,2.09,1.75,0.58,1.77,1.23,2.23,1.67,1.33,39.05,29.67,41.06,21.73,15.44,51.385
,KU 38442,M,3.11,2.92,1.3,1.92,3.05,0.62,1.88,2.47,3.26,3.04,2.02,2.09,2.47,0.8,2.41,2.9,2.5,2.96,1.99,2.01,1.27,0.43,1.22,1.15,2.92,1.67,1.8,39.99,30.28,42.5,20.43,16.2,45.502
,KU 38443,M,3.25,3.51,1.55,1.63,2.73,0.67,1.43,2.45,3.025,3.13,1.96,2.435,2.065,0.6,2.155,3.08,2.85,3.33,1.88,2.13,1.82,0.25,1.68,2.93,2.56,1.46,2.14,38.91,28.77,43.24,21.31,14.16,55.542
,KU 38598,M,3.07,3.4,1.72,1.72,3.24,0.68,1.84,1.77,3.17,3.21,1.985,2.385,2.635,0.58,1.955,2.63,2.43,3.07,1.76,2.04,1.62,0.21,1.49,2.12,2.85,1.79,1.32,41.78,30.18,45.13,21.79,15.94,53.099
,KU 38603,M,3.2,3.46,1.48,1.65,2.66,0.61,2.03,2.36,3.28,3.435,2.305,2.27,2.155,0.615,2.36,2.93,2.58,3.6,2.15,2.41,1.85,0.46,2.06,4.13,2.69,1.74,2.08,40.34,31.31,48.71,23.05,14.63,49.73
,KU 38604,M,3.23,3.37,1.21,1.52,2.96,0.72,1.76,2.35,3.535,3.045,1.975,2.3,2.34,0.595,2.19,2.895,2.68,3.52,1.66,2.02,1.81,0.52,1.69,3.52,2.84,1.3,1.12,39.94,28.33,43.6,22.23,15.25,60.747
,KU 47502,M,3,3.47,1.29,1.61,2.17,0.47,1.65,2.54,2.8,3.68,2.04,2.8,2.12,0.6,2.04,2.67,2.32,3.07,2.18,2.37,1.68,0.35,1.03,0.47,2.77,1.74,1.57,40.74,28.15,43.71,22.25,15.56,49.012
,LSUMZ 103390,M,3.7,3.36,1.4,2.02,3.54,0.74,1.78,2.22,3.485,3.27,2.08,2.39,2.98,0.665,2.25,3.24,2.73,3.1,1.52,2.28,1.75,0.35,2,2.92,2.44,1.82,1.93,39.73,30.17,43.4,21.07,15.47,59.056
,LSUMZ 131007,M,2.91,3.4,1.95,2,2.9,0.67,1.62,1.74,3.17,3.11,2.1,2.115,2.6,0.59,2.335,3.205,2.86,2.98,1.86,1.89,1.43,0.39,1.39,2,2.8,1.41,1.72,38.33,29.36,43.58,20.71,14.65,55.705
,LSUMZ 134693,M,3.13,3.33,1.51,1.64,2.53,0.72,1.81,2.39,3.385,3.475,2.14,2.125,2.465,0.595,2.58,2.86,2.69,3.31,1.89,1.96,1.74,0.23,1.94,2.79,2.81,1.76,1.99,39.52,29.48,43.6,19.61,15.32,60.402
,LSUMZ 152350,M,3.05,3.89,1.67,1.56,3.87,0.85,1.75,1.89,3.285,3.325,2.25,2.06,2.65,0.615,2.245,2.935,2.77,2.99,1.87,2.39,1.63,0.34,1.02,1.88,2.9,1.78,1.9,39.68,29.17,44,19.31,15.65,51.828
,LSUMZ 152362,M,3.25,3.23,1.46,1.55,2.91,0.64,1.68,2.28,3.015,2.63,2.175,2.03,2.51,0.685,2.27,3.135,3.09,3.31,2,1.75,1.51,0.17,2.1,2.76,2.35,1.66,1.86,40.36,29.29,44.41,21.61,15.47,55.045
,LSUMZ 152364,M,3.45,3.6,1.74,2,3.51,0.81,2.37,2.75,3.375,3.13,2.15,2.315,2.575,0.63,2.505,3.46,2.67,3.46,1.95,1.92,1.46,0.43,1.01,1.69,2.52,1.87,1.93,41.21,35.71,44.54,21.95,16.18,47.095
,LSUMZ 152366,M,3.27,3.38,1.47,1.62,3.07,0.5,1.89,2.75,3.09,3.16,1.88,2.1,2.62,0.605,2.375,2.93,2.77,3.05,1.88,2.76,1.84,2,1.95,2.69,3.18,1.29,1.98,39.57,29.88,43.86,20.33,15.77,55.735
,LSUMZ 171688,M,3.6,3.26,1.34,1.59,2.55,0.46,1.7,2.53,3.17,3.05,1.78,2.77,2.86,0.63,2.5,2.75,2.31,2.56,2.08,2.45,1.42,0.37,1.67,1.36,2.24,1.54,1.75,41.24,30.1,44.4,21.84,15.06,49.152
,LSUMZ 71564,M,3.06,3.69,1.45,1.78,3.09,0.56,1.82,2.4,3.145,3.215,2.215,2.705,2.515,0.695,2.265,3.085,2.7,3.08,2.22,2.17,1.71,0.4,1.77,2.56,2.98,1.7,1.77,39.06,29.75,43.02,20.48,15.15,55.39
,LSUMZ 71565,M,3.38,3.45,1.57,1.74,3.37,0.63,1.9,2.7,2.8,2.74,1.995,2.45,2.33,0.59,2.165,3.005,2.78,3.22,1.87,2.04,1.65,0.52,1.73,2.17,3.08,1.43,1.74,39.68,28.51,42.83,21.06,14.76,54.907
,LSUMZ 73436,M,2.73,3.47,1.79,1.94,3.33,0.72,1.86,2.47,2.475,2.915,2.175,2.185,2.12,0.685,2.175,3.395,2.99,2.92,1.98,1.84,1.8,0.46,1.82,2.99,3.19,1.61,1.98,39.2,29.34,41.26,20.93,14.93,49.874
,LSUMZ 73438,M,2.96,3.45,1.55,1.25,3.13,0.75,2.01,2.38,3.04,3.195,1.765,2.185,3,1.02,2.42,3.375,2.7,3,1.8,2.16,1.68,0.48,1.87,2.37,2.85,1.93,1.76,39.25,29.4,43.22,20.67,15.14,57.677
,LSUMZ 73441,M,3.14,3.28,1.67,1.71,3.27,0.65,2.31,2.56,3.03,3.02,1.955,2.88,2.285,0.58,2.33,2.75,2.4,2.4,1.77,1.74,1.49,0.44,1.5,0.96,2.79,1.66,1.58,39.17,29,41.91,22.17,14.56,51.488
,LSUMZ 73442,M,3.15,3.48,1.26,1.58,2.7,0.46,1.96,2.93,2.755,3.065,1.905,2.065,2.845,0.61,2.4,2.62,3.44,3.4,1.76,2.46,1.74,0.37,1.43,2.77,3.03,1.82,1.56,37.17,28.27,41.63,20.71,14.47,54.563
,LSUMZ 77682,M,3.41,3.56,1.8,1.76,3.76,0.76,2.17,2,3.255,3.515,2.095,2.27,2.27,0.535,2.225,2.815,2.16,2.73,1.9,1.81,1.72,0.5,0.86,2.5,2.99,1.62,1.72,38.89,29.66,42.91,19.18,15.24,48.644
,YPM 110440,M,2.71,2.99,0.77,1.09,1.9,0.72,1.26,2.17,3.21,2.56,1.915,1.515,1.235,0.64,1.9,3.325,2.37,2.38,0.95,1.57,1.41,0.17,0.88,1.88,2.76,1.13,1.59,38.89,28.25,42.03,20.56,15,50.63
,YPM 110441,M,3.08,2.44,0.86,1.54,3.19,0.51,1.14,2.15,2.435,2.355,1.28,2.175,1.43,0.575,1.69,2.61,2.06,2.45,0.93,2.16,1.31,0.18,1.91,1.34,2.84,1.55,1.5,38.77,29.26,42.92,20.55,13.97,52.78
,YPM 110616,M,2.88,3.15,1.74,1.52,2.86,0.76,1.56,2.44,2.315,2.595,1.145,1.7,1.575,0.6,1.775,2.53,1.81,3.24,1.36,1.71,1.11,0.6,0.83,1.1,2.29,1.21,1.45,40.09,29.37,43.42,22.84,15.44,57.639
,YPM 110953,M,3.37,3.18,1.56,1.64,2.59,0.63,1.25,2.34,2.1,2.28,1.29,1.885,1.28,0.61,1.78,3.385,2.38,3.41,1.62,1.78,1.78,0.73,0.99,2.76,2.42,0.69,1.54,41.2,29.6,44.31,19.72,15.19,57.201
Quiscalus quiscula,AMNH 12976,F,1.99,1.91,0.33,0.13,1.62,0.14,1.08,2.32,1.65,1.74,0.65,0.86,1.3,0.43,1.15,2.26,1.58,2.18,0.83,1.41,0.76,0.35,0.58,1.46,1.66,1.14,1.42,29.85,22.11,33.45,17.42,13.03,29.968
,AMNH 14547,F,1.75,2.06,0.76,0.99,1.51,0.48,0.97,1.86,1.89,1.97,0.99,0.95,0.84,0.47,0.79,2.11,2.04,1.35,0.3,0.72,0.44,0.36,0.88,2.44,2.63,0.71,1.28,29.62,23.69,32.1,17.61,12.51,32.767
,AMNH 19215,F,2.1,2.07,0.7,0.79,1.35,0.41,0.99,2.04,2.075,1.59,1.175,1.33,1.41,0.485,1.2,2.555,1.43,2.33,1.26,1.56,0.98,0.6,0.47,1.14,2.27,1.27,1.24,30.16,22.61,33.13,16.02,13.13,35.025
,AMNH 20820,F,2.14,2.97,0.57,0.61,2,0.59,0.76,1.38,2.055,1.77,4.185,1.45,1.215,0.425,1.05,2.505,1.77,2.12,0.53,1.67,1.32,0.35,1.08,1.95,1.56,1.08,1.3,30.65,22.32,34.45,16.31,12.22,32.509
,KU 11334,F,2.6,2.51,1.22,1.23,2.54,0.4,1.52,2.46,2.54,2.32,1.62,1.9,1.6,0.53,1.68,2.12,1.71,2.86,1.59,1.51,1.01,0.43,0.41,0.51,0.94,1.4,1.19,31.28,23.14,35.18,17.19,13.12,27.358
,KU 14191,F,2.5,2.59,1.3,1.16,2.79,0.41,1.34,1.37,2.54,2.41,1.49,1.17,1.68,0.36,1.61,1.45,1.92,2.91,1.43,1.27,1.06,0.39,1.64,1.71,2.1,1.19,1.09,29.79,22.12,33.52,16.69,12.41,32.335
,KU 14569,F,2.28,2.71,1.13,1.05,2.85,0.5,1.2,1.3,2.335,2.44,1.735,1.535,1.665,0.53,1.255,2.595,1.88,2.03,1.4,1.27,1.24,0.44,0.74,1.01,1.97,1.37,1.2,29.56,22.6,33.4,16.56,12.39,27.092
,KU 15580,F,2.19,2.64,1.26,0.72,1.77,0.34,1.31,1.45,2.44,2.2,1.49,1.615,1.765,0.28,1.44,1.58,1.73,1.75,1.54,1.58,0.88,0.28,0.86,0.23,1.65,1.28,0.96,29.76,22.65,33.94,16.1,12.27,27.68
,KU 15779,F,2.17,2.79,1.02,0.89,2.14,0.34,1.58,1.59,2.555,2.24,1.72,1.295,2.255,0.425,1.515,2.45,2.12,2.9,1.32,0.99,1.57,0.41,1.36,2.39,2.03,1.24,1.18,30.23,19.68,34.6,15.49,12.7,33.485
,KU 15865,F,2.27,2.05,1.18,0.81,2.05,0.35,1.32,2.58,2.52,2.26,2.08,1.31,2.05,0.48,1.2,2.44,1.48,2.16,1.34,1.56,0.84,0.42,0.64,0.64,2.03,1.29,0.64,29.65,21.36,33.67,17.01,12.5,26.297
,KU 16078,F,2.27,3.01,1.43,0.87,2.84,0.51,1.32,1.83,2.43,2.355,1.575,2.075,2.4,0.57,1.51,2.41,1.84,2.09,1.4,1.92,1.09,0.37,0.71,2.07,1.91,1.09,1.15,30.65,22.26,33.87,16.72,12.6,34.221
,KU 17286,F,2.26,2.62,1.19,0.94,2.3,0.33,1.13,1.89,2.71,2.48,1.345,1.62,1.545,0.375,1.365,2.385,1.97,2.67,1.33,1.37,1.27,0.47,1.13,2.79,2.03,1.07,1.04,28.67,23.2,33.29,17.39,12.86,34.742
,KU 17291,F,2.3,2.49,1.42,1.09,2.42,0.51,1.49,1.63,2.4,2.09,1.56,1.57,1.92,0.44,1.58,1.98,1.98,2.76,1.03,1.32,1.44,0.25,1.03,2.2,1.79,1.28,1.25,29.87,24.22,33.83,16.56,13.83,31.756
,KU 19733,F,2.54,2.68,1.19,0.96,2.38,0.42,1.54,1.88,2.49,2.36,1.63,1.69,2.62,0.46,1.37,2.45,1.76,2.31,1.29,1.67,0.77,0.33,0.79,1.65,1.96,1.2,1.11,30.97,23.78,35.8,18.53,13.5,28.98
,KU 22365,F,2.32,2.63,1.14,1.19,2.14,0.4,1.45,2.26,2.425,2.42,1.625,1.475,2.685,0.39,1.485,2.475,2,2.4,1.16,1.11,1.17,0.62,1.02,2.45,1.82,1.2,0.96,29.65,20.67,32.48,17.07,12.9,30.455
,KU 32356,F,2.61,2.78,1.22,1.13,1.99,0.48,1.22,2.47,2.28,2.29,1.73,1.67,1.65,0.56,1.55,2.94,1.72,2.73,1.78,1.41,1.04,0.43,0.66,0.56,2.08,1.46,1,30.41,22.23,36.11,17.38,13.99,31.763
,KU 52908,F,2.34,2.96,1.26,1.2,2.74,0.47,1.55,1.84,2.735,2.395,1.56,1.51,2.62,0.425,1.69,2.45,2.02,2.74,1.58,1.77,1.35,0.13,1.12,1.6,2.23,1.58,1.15,29.77,21.88,33.73,17.99,12.44,32.789
,YPM 109525,F,1.7,1.99,0.64,0.85,2.35,0.35,1.14,1.77,1.88,1.43,1.31,1.45,1.53,0.44,1.34,2.32,1.71,2.26,0.63,1.16,1.08,0.36,1.79,2.84,1.29,0.81,1.42,30.67,23.06,33.48,17.28,12.57,36.104
,AMNH 13199,M,2.15,2.04,0.47,0.53,1.5,0.37,1.35,2.2,2.11,2.32,0.8,1.02,1.17,0.455,1.3,2.885,1.59,2.2,0.39,0.94,0.62,0.13,0.77,2.09,1.42,1.21,1.49,32.8,24.53,38.56,20.41,15.3,45.376
,AMNH 15681,M,2.37,2.54,0.51,0.5,1.42,0.53,1.14,1.9,2.265,1.805,0.8,1.125,1.565,0.485,1.105,2.645,2.38,2.88,0.88,1.51,1.19,0.56,1.19,2.47,2.14,0.91,1.9,31.16,22.81,37.37,17.85,13.56,45.761
,AMNH 16103,M,2.07,2.09,0.29,1.05,0.86,0.44,1.07,1.99,2.265,2.495,0.945,1.645,1.925,0.32,1.145,2.495,1.69,1.9,0.62,1.41,1.03,0.44,1.06,2.28,1.95,1.01,1.3,31.76,23.03,35.49,18.5,14.01,43.916
,AMNH 16876,M,1.83,2.68,0.37,0.66,2.1,0.5,0.94,1.63,2.295,2.085,1.07,1.265,1.43,0.485,1.515,2.4,1.58,2.25,0.66,1.03,1.08,0.4,1.24,3,2.01,1.18,1.44,31.8,23.37,36.44,19.19,13.57,39.961
,AMNH 19778,M,1.97,2.35,0.42,0.87,1.4,0.52,1.46,2.19,2.065,1.81,1.04,0.995,0.825,0.455,1.315,3.09,2.06,1.86,0.63,1.54,1.49,0.18,1.09,2.41,1.87,0.93,1.16,31.81,23.41,36.5,18.92,13.58,39.962
,AMNH 20597,M,2.8,1.88,0.4,0.84,1.23,0.61,0.62,1.85,2.175,1.325,1.075,1.11,1.3,0.455,1.34,2.355,2.31,1.74,0.53,1.05,0.37,0.37,0.91,2.09,2.17,0.66,1.1,32.06,22.32,38.63,19.49,13.86,34.433
,AMNH 20822,M,1.85,2.27,0.8,1.28,2.28,0.59,1.34,1.55,2.32,1.38,0.64,1.235,1.55,0.505,1.18,2.615,1.91,1.94,0.28,1.69,0.94,0.49,1.04,1.85,1.85,0.75,1.48,32.03,22.88,35.61,18.36,14.43,42.456
,AMNH 26437,M,1.88,1.77,1.16,1.06,1.77,0.42,1.21,2.53,2.27,1.675,0.605,1.7,0.885,0.47,1.13,2.19,1.77,2.12,1.22,1.48,0.56,0.32,1.1,2.2,1.83,1.14,1.03,31.68,24.79,37.18,17.68,14.18,40.214
,AMNH 26438,M,2.41,2.46,0.64,0.58,2.54,0.43,1,1.7,1.86,2.255,1.07,1.535,0.925,0.615,1.325,2.415,1.81,2.26,1.05,1.48,0.88,0.33,1.11,2.02,1.62,1.02,1.56,32.09,24.75,37.96,19.38,14.65,46.807
,AMNH 28375,M,1.9,2.88,0.54,0.66,1.93,0.83,0.64,1.55,2.32,1.955,0.785,1.16,1.225,0.485,1.26,2.25,1.96,2.16,0.74,1.11,0.85,0.47,1.09,2.36,1.73,1.39,1.24,31.75,24.34,37.55,18.87,14.1,42.723
,AMNH 9686,M,2.05,2.89,0.77,1.01,1.51,0.34,0.9,1.81,2.4,1.86,0.95,1.59,1.76,0.39,1.37,2.23,1.85,2.29,1.2,0.92,0.85,0.8,0.44,1.65,2.03,0.74,1.33,32.23,24.02,37.52,18.12,13.65,31.945
,FMNH 377687,M,2.15,2.82,1.16,1.12,2.31,0.48,1.4,2.29,2.305,2.55,1.65,1.43,2.15,0.585,1.6,2.395,2.48,2.51,1.2,1.48,1.4,0.28,1.36,2.65,2.09,1.04,1.39,30.48,23.66,35.36,17.7,13.56,35.774
,FMNH 377699,M,2.67,2.96,1.19,1.15,2.29,0.39,1.79,1.94,2.665,2.64,1.405,1.8,1.76,0.465,1.83,2.76,2.07,2.49,1.19,1.37,1.2,0.77,1.74,1.53,2.78,1.46,1.55,32.79,25.64,39.03,18.9,14.62,41.565
,KU 11731,M,2.63,2.88,1.18,1.07,2.41,0.52,1.29,1.7,2.835,2.395,1.645,1.6,1.88,0.55,1.66,2.25,1.93,2.54,1.21,1.3,1.08,0.6,1.09,1.98,2,1.27,1.19,31.31,24.71,39,16.77,14.84,34.028
,KU 13269,M,2.85,3.08,1.05,1.21,3,0.74,1.41,1.82,2.75,2.45,1.65,1.55,1.88,0.41,1.75,2.13,2.18,2.38,1.53,1.18,1.02,0.46,0.97,1.48,2.44,1.26,1.21,30.95,27.14,36.73,18.67,14.47,33.819
,KU 13271,M,2.9,2.9,1.4,1.24,2.85,0.4,1.63,1.78,2.525,2.58,1.685,1.635,1.94,0.49,1.78,2.31,2.18,2.56,1.48,1.63,1.38,0.34,1.47,2.83,2.52,1.18,1.07,32.16,24.4,39.06,18.12,14.99,40.801
,KU 13272,M,2.65,2.59,1.17,1.16,2.21,0.26,1.59,1.96,2.82,2.63,1.54,1.67,2.46,0.49,1.71,2.53,1.71,2.81,1.55,1.74,1.37,0.34,0.77,1,2.47,1.31,1.26,30.35,25.08,38.83,17.68,14.56,30.583
,KU 13273,M,2.57,3.14,1.13,1.13,2.35,0.6,1.39,2.84,2.53,2.32,1.73,1.7,1.77,0.83,1.49,2.79,1.74,2.77,1.62,1.87,1.5,0.33,0.71,0.8,1.97,1.43,1.36,31.83,24.71,35.39,18.38,12.82,35.347
,KU 13275,M,2.59,3.21,1.42,1.42,2.74,0.49,1.53,2.24,2.48,2.59,1.605,1.63,1.735,0.44,1.755,2.68,1.89,2.78,1.17,1.64,1.15,0.28,0.77,0.62,2.2,1.49,1.38,32.13,24.63,37.4,17.53,14.17,35.582
,KU 13399,M,2.61,2.85,1.02,0.95,2.25,0.7,1.53,2.19,2.55,2.47,1.81,1.38,2.69,0.52,1.84,2.82,1.94,2.99,1.77,1.51,1.16,0.37,0.8,2.17,2.07,1.39,1.09,31.69,24.01,36.18,18.4,14.31,32.827
,KU 14778,M,2.49,3.14,1.22,1.25,2.57,0.6,1.73,2.02,2.745,2.82,1.675,1.89,1.89,0.51,1.915,2.735,2.12,3.12,1.45,1.54,1.48,0.34,0.63,2.78,2.38,1.41,1.41,32.18,25.55,37.99,17.59,13.9,38.713
,KU 14964,M,3.01,2.77,1.35,1.3,2.91,0.57,1.55,2.14,2.6,2.32,1.49,1.705,1.775,0.49,1.675,2.905,2.4,3.25,1.3,1.51,1.2,0.51,0.85,2.68,2.4,1.34,1.01,31.55,25.07,37.84,16.65,12.85,38.628
,KU 15612,M,2.41,2.59,1.14,0.9,2.34,0.44,1.68,2.75,2.54,2.24,1.72,1.51,1.78,0.47,1.37,2.49,2.03,2.36,1.54,1.4,1.07,0.31,0.38,1.37,2.21,1.15,1.21,30.99,23.43,35.92,15.49,13.45,34.053
,KU 16271,M,2.51,2.5,1.15,0.99,2.5,0.4,1.6,2.76,2.8,2.78,1.905,1.78,1.985,0.435,1.745,2.46,2.46,3.22,1.54,1.49,1.5,0.33,1.24,3.05,2.62,1.2,0.8,32.13,25.48,37.97,17.99,14.89,40.319
,KU 17289,M,2.75,2.94,1.27,1.18,2.94,0.62,1.37,2.05,2.79,2.465,1.41,1.66,1.67,0.66,1.62,2.675,2.22,3.17,1.5,1.34,1.12,0.62,1.49,3.02,2.22,1.17,1.2,31.04,24.66,36.42,18.05,13.5,38.873
,KU 19158,M,2.61,2.85,1.33,1.46,2.32,0.59,1.71,2.09,2.945,2.395,1.7,1.72,1.96,0.485,1.955,2.62,1.56,2.72,2.03,1.39,1.08,0.36,0.6,0.67,2.23,1.46,1.14,33.21,39.13,19.95,20.06,14.66,34.857
,KU 19731,M,2.14,2.54,1.08,0.85,2.43,0.44,1.24,1.89,2.35,2.335,1.565,1.545,2.45,0.31,1.51,2.255,1.83,2.53,1.5,2,1.26,0.21,0.9,1.22,2.11,1.22,0.88,30.09,21.73,33.42,14.65,12.32,29.385
,KU 19734,M,2.86,3,1.08,0.91,2.34,0.36,1.49,2.19,2.745,2.21,1.675,1.585,1.835,0.48,1.73,2.945,2.36,2.34,1.32,1.43,1.29,0.27,1.37,3.18,2.13,1.45,1.09,32.21,23.97,37.7,18.04,14.73,42.591
,KU 21634,M,2.23,2.88,1.19,1.51,2.6,0.83,1.38,1.92,2.56,2.32,1.605,1.64,2.28,0.495,1.465,2.79,2.16,2.56,1.5,1.62,1.44,0.35,0.89,2.52,2.78,1.2,1.36,31.66,23.7,36.64,18.19,14.3,38.394
,KU 21635,M,2.64,2.88,1.21,1.25,2.73,0.41,1.55,2.29,2.835,2.33,1.74,1.81,2.73,0.485,1.415,2.335,2.19,2.61,1.82,1.23,1.14,0.29,1.41,1.99,2.12,1.47,1.23,32.21,25.54,37.54,18.51,14.24,37.099
,KU 22359,M,2.58,2.94,1.36,1.24,2.32,0.58,1.42,1.87,2.415,2.75,1.84,1.59,1.76,0.665,1.595,2.37,2.07,2.64,1.43,1.6,1.29,0.33,0.81,2.17,2.28,1.39,1.22,30.45,24.29,36.35,17.85,14.85,33.816
,KU 22360,M,2.84,3.16,1.22,1.02,2.34,0.6,1.35,1.78,2.8,2.535,1.65,1.255,2.005,0.465,1.52,2.175,2.28,2.92,1.49,1.85,1.51,0.35,1.53,2.75,2.51,1.06,1.21,31.81,24.78,37.06,18.02,13.86,37.168
,KU 22363,M,2.4,2.42,1.16,0.98,2.47,0.41,1.4,2.27,2.77,2.04,1.51,1.85,2.2,0.37,1.86,2.43,2.12,2.11,1.39,1.47,1.16,0.27,0.8,0.7,2.28,1.82,1.16,31.07,21.03,38.81,19.24,15.19,36.2
,KU 79897,M,2.26,2.86,1.42,1.36,1.29,0.33,1.54,2.21,2.355,2.73,1.59,1.72,1.7,0.395,1.575,2.58,1.9,3.26,1.48,1.89,1.48,0.25,0.93,1.2,2.26,1.48,1.16,32.53,27.05,35.44,18.61,14.87,35.424
,LACM 90600,M,2.2,3.04,1.16,0.98,2.42,0.48,1.51,1.94,2.43,2.74,1.555,1.665,1.69,0.515,1.385,2.325,1.92,2.61,1.51,1.25,1.33,0.22,1.32,2.59,1.7,1.28,1.07,30.44,24.93,34.45,16.53,12.52,34.931
,MCZ 2486,M,2.28,2.17,1.09,1.23,2.58,0.5,2.13,2.38,2.75,2.685,1.82,1.63,1.96,0.485,1.87,1.487,1.8,2.6,1.51,2.1,1.37,0.31,0.78,1.67,2.42,1.33,1.52,29.97,24.24,37.35,16.26,14.09,34.408
,YPM 102208,M,2.03,2.56,1,1.03,2.26,0.67,1.11,1.96,1.935,2.27,1.17,1.335,1.06,0.68,1.1,2.495,1.69,2.68,1.08,1.42,0.96,0.23,1.01,2.85,1.59,0.46,1.37,32.99,24.11,36.84,18.69,14.33,43.66
,YPM 103734,M,2.29,2.85,0.96,1.29,2.69,0.63,0.66,1.68,2.355,2.005,1.26,1.03,1.485,0.605,1.655,2.86,1.75,2.03,1.01,1.33,1.01,0.72,0.61,0.86,2.08,1.01,1.31,25.36,32.67,38.82,18.78,13.67,34.441
,YPM 104591,M,2.12,2.25,0.67,0.54,1.3,0.42,0.48,1.94,2.32,2.29,0.85,1.54,1.5,0.76,1.02,2.37,1.84,2.2,0.97,1.2,0.97,0.13,0.53,1.55,2.14,0.68,1.09,33.81,23.08,36.11,17.92,13.93,39.013
,YPM 106101,M,2.14,2.26,0.82,0.18,1.3,0.64,1.35,2.65,2.08,2.27,1.27,,1.31,0.62,1.23,1.98,1.84,2.22,0.81,0.79,0.8,0.25,1.39,2.04,2.13,0.79,1.3,29.24,21.88,33.63,17.78,12.61,30.537
Tyrannus dominicensis,FMNH 105299,F,1.9,2,1.07,0.89,1.39,0.83,1.26,2.99,2.1,1.96,1.29,1.335,1.78,1.065,1.595,2.505,1.49,1.87,1.2,0.95,1.43,0.82,1.25,2.17,1.85,1.51,1.32,19.8,17.52,29.42,15.09,12.77,23.285
,FMNH 105301,F,2.04,1.94,0.94,0.98,1.46,0.61,1.44,2.34,1.95,1.91,1.51,1.26,1.21,0.53,1.645,1.78,1.47,1.63,1.36,1.26,1.15,0.57,1.22,1.11,1.55,1.32,1.01,20.32,16.98,25.41,14.59,11.44,18.866
,FMNH 376912,F,1.99,1.89,1.3,0.91,1.45,1.2,1.3,2.75,2.23,2,1.63,1.31,1.635,0.475,1.675,2.39,1.95,1.83,1.5,1.12,1.34,0.65,1.07,1.59,2.07,1.23,1.04,20.27,19,26.22,15.14,11.57,25.319
,KU 55663,F,2.05,2.15,1.11,0.84,1.94,0.73,1.07,2.71,2.215,1.81,1.295,1.385,1.65,0.505,1.68,2.535,1.91,1.89,1.35,0.96,1.29,0.71,0.93,1.98,1.61,1.67,1.04,20.53,19.92,26.64,15.92,11.28,22.824
,KU 55664,F,2.2,2.21,1.02,0.96,1.69,0.69,1.42,2.44,2.12,1.99,1.56,1.44,1.47,0.47,1.79,2.72,1.64,1.56,1.39,0.97,1.03,0.66,0.65,1.27,1.74,1.09,0.98,20.44,19.94,26.69,16.22,11.48,21.331
,KU 57259,F,2.2,2.17,0.9,0.95,1.71,0.76,1.2,2.16,2.46,1.745,1.405,1.43,2.11,0.48,1.58,2.235,1.5,2.18,1.26,0.77,0.98,0.63,1.11,1.84,1.71,1.54,1.14,21.04,20.01,27.57,15.71,12.22,26.767
,LACM 115796,F,2.51,2.15,1.47,0.71,1.6,0.68,1.21,2.66,2.58,2.06,1.59,1.38,2.11,0.39,1.64,2.36,1.73,2.01,1.7,0.98,1.17,0.55,0.73,0.89,2.06,1.19,0.63,20.14,17.31,27.39,15.83,12.1,22.843
,LACM 115803,F,2.19,2.45,1.5,1.27,2.01,0.79,1.43,2.57,2.6,1.825,1.84,1.445,2.49,0.375,1.65,2.465,2.34,1.78,1.27,0.95,1.19,0.72,1,1.16,1.79,1.85,1.01,20.57,18.05,27.64,15.65,11.84,26.773
,LACM 115807,F,2.1,2.11,1.03,1.11,1.84,0.71,1.17,2.54,2.43,1.905,1.575,1.685,1.945,0.5,1.56,2.52,2.09,1.99,1.55,1.47,1.56,0.52,1.05,1.91,1.7,1.53,0.89,20.21,19.54,28.14,16.07,11.69,24.823
,LACM 115810,F,2.07,2.06,1.21,0.64,1.81,0.48,1.09,3.51,2.54,2,1.71,1.44,1.6,0.38,1.74,2.6,1.74,1.79,1.46,1.34,1.28,0.39,0.59,0.98,1.8,1.35,0.88,20.37,17.64,26.26,14.58,11.35,20.731
,USNM 225970,F,2.06,2.09,1.04,0.69,2.1,0.59,1.47,2.2,2.15,2.04,1.39,1.47,1.92,0.43,1.66,2.39,1.94,2.1,1.13,1.54,0.87,0.4,1.22,2.2,1.8,1.14,1.18,19.73,17.67,26.17,15.9,10.97,19.945
,USNM 289636,F,2.02,2.12,1.34,0.92,2.15,0.62,1.29,2.33,2.18,2.01,1.41,1.42,1.95,0.41,1.5,1.87,1.76,2.02,0.82,1.66,1.24,0.21,1.05,1.72,2.07,1.1,1.02,19.47,17.78,25.69,15.21,10.74,18.474
,USNM 292591,F,2.22,2.23,0.97,0.56,1.45,1.15,1.13,1.41,2.22,1.715,1.27,1.25,1.65,0.37,1.45,1.945,1.68,1.63,1.16,1.01,1.19,0.45,1.22,1.6,1.93,1.29,0.92,20.22,18.46,26,15.56,11.29,23.988
,USNM 318900,F,1.87,1.9,1.18,0.67,1.69,0.65,1.26,2.71,2.18,1.98,1.42,1.31,1.9,0.36,1.65,2.09,1.86,1.46,1.05,1.06,1.05,0.63,0.73,1.1,2.07,1.36,0.96,20.48,16.6,27.34,15.17,11.32,21.344
,USNM 347982,F,1.83,2.19,0.88,0.6,2.06,0.36,0.91,1.89,2.04,1.53,1.12,1.28,1.84,0.37,1.81,2.39,1.56,1.91,1.09,1.02,0.99,0.28,0.78,1.05,1.34,1.44,0.83,21.1,15.6,22.73,14.38,9.38,20.803
,USNM 487981,F,2.29,2.07,0.98,0.72,2.07,0.8,1.18,2.57,2.255,1.97,1.23,1.485,2.035,0.315,1.64,2.18,1.76,1.93,0.97,0.88,1.14,0.12,1.31,1.49,1.64,1.29,0.94,21.69,19.39,26.24,16.17,10.11,23.511
,USNM 488013,F,1.91,2.27,0.83,0.74,1.54,0.92,1.18,1.88,2.35,2.11,1.42,1.48,1.65,0.38,1.26,1.75,1.77,1.76,1.33,1.02,0.92,0.37,0.78,1.04,1.7,1.15,1.15,21.29,19.45,24.97,16.36,10.13,21.197
,USNM 502249,F,1.87,2.4,1.17,0.74,2.01,0.72,1.17,1.83,2.275,1.86,1.2,1.18,2.61,0.385,1.615,2.105,1.83,1.8,0.92,1.18,1.19,0.25,1.11,1.76,1.82,1.4,1.14,20.05,18.27,25.4,15.06,11.02,23.686
,USNM 555051,F,1.89,2.34,1.2,0.75,1.56,0.7,1,2.15,2.2,1.87,1.09,1.1,2.02,0.37,1.35,2.04,1.73,1.51,1.01,0.9,0.76,0.53,0.59,0.45,1.69,1.1,0.91,20.34,18.09,23.84,15.16,10.08,16.952
,USNM 555817,F,2.2,1.97,1.03,0.67,2.1,0.36,1.38,2.42,2.01,1.775,1.32,1.52,2.015,0.425,1.645,2.23,1.87,1.74,0.91,0.79,0.97,0.49,0.81,1.51,2.06,1.16,1,19.1,19.67,27.44,14.25,11.94,22.99
,USNM 556543,F,1.89,2.2,1.13,0.89,1.77,0.53,1.19,1.97,2.155,2.135,1.43,1.22,2.085,0.335,1.565,2.215,1.84,1.9,1.25,0.78,0.89,0.63,1.07,1.78,1.5,1.38,0.9,19.86,18.07,23.64,14.96,10.37,24.912
,USNM 556604,F,1.87,2.25,0.94,0.72,1.92,1.13,1.22,1.92,2.16,1.89,1.86,1.34,2.2,0.55,1.44,2,1.59,1.57,1.73,1.11,1.17,0.53,0.6,1.22,1.82,1.36,1.14,20.66,18.54,25.71,15.4,10.74,21.971
,AMNH 25423,M,1.73,1.22,0.39,0.27,0.8,0.27,0.95,1.79,1.61,1.495,0.505,0.885,1.155,0.21,0.905,2.15,1.55,0.88,0.67,0.57,0.59,0.64,0.29,1.49,1.73,0.73,0.97,18.93,17.11,28.16,14.12,11.68,23.177
,FMNH 105967,M,1.91,1.21,1,0.59,1.05,0.6,0.94,2.63,2.01,1.9,1.56,1.61,1.68,0.4,1.73,2.15,1.5,1.6,1.31,0.84,1.29,0.85,0.86,0.46,1.8,1.26,1.17,19.59,17.41,26.14,13.98,12.2,20.7
,KU 55665,M,2.01,2.09,0.96,0.86,1.33,0.7,1,2.77,2.335,2.175,1.485,1.33,1.795,0.22,1.615,2.84,1.91,1.98,1.36,0.98,1.31,1.04,1.27,1.73,1.9,1.65,1.02,20.56,19.47,28.62,15.87,12.23,24.92
,KU 55666,M,2.2,1.85,1.32,1.04,2.01,0.34,1.35,2.39,1.92,1.97,1.28,1.37,1.14,0.33,1.55,2.1,1.81,1.78,1.29,1.25,1.24,0.57,0.97,2.35,1.88,1.56,0.79,19.53,18.26,28.69,16.23,12.28,20.663
,LACM 115800,M,1.88,2.02,1.04,0.88,1.96,0.77,1.14,2.83,2.42,2.08,1.93,1.66,2.295,0.435,1.795,2.395,1.9,1.9,1.49,0.87,1.16,0.84,1.19,1.73,1.92,1.59,1.16,20.13,18.28,28.74,14.42,12.68,25.989
,LACM 115802,M,2.19,2.23,1.18,1.07,2.05,0.58,1.44,2.98,2.45,2.055,1.455,1.81,1.72,0.435,1.68,2.12,2.48,1.94,1.36,1.54,2.04,0.58,0.95,1.53,2,1.44,0.97,20.69,19.59,30.27,15.94,13.01,24.47
,LACM 115804,M,2.34,1.97,1.09,0.94,2.17,0.6,1.47,2.49,2.225,2.045,1.38,1.665,1.59,0.53,1.475,2.135,1.74,1.6,0.97,0.89,1.43,0.44,0.93,1.59,1.93,1.43,1.05,20.16,18.9,28.71,14.32,12.67,24.389
,LACM 115806,M,2.2,2.27,1.08,0.62,1.59,0.72,1.24,2.77,2.63,1.995,1.365,1.515,2.34,0.43,1.685,2.29,2.1,1.94,1.44,1.24,1.47,0.68,1.19,1.73,1.84,1.23,1.08,19.63,19.04,28.84,15.08,12.4,28.595
,LSUMZ 136453,M,2.11,1.94,1.05,0.91,2.23,0.53,1.6,2.4,2.095,2.05,1.505,1.475,1.99,0.505,1.69,2.215,1.7,1.69,1.46,1.12,1.36,0.65,0.8,1.29,1.97,1.17,0.85,19.4,18.59,28.46,14.99,12,20.987
,LSUMZ 85759,M,2.38,2.05,0.87,0.78,1.96,0.56,1.35,2.39,2.07,1.705,1.525,1.37,1.455,0.41,1.53,2.105,1.83,1.87,1.18,1.03,1.06,0.45,1.09,0.9,1.51,1.16,0.94,18.53,20,27.38,12.69,12.35,21.029
,USNM 292590,M,2.13,2.16,0.93,0.88,1.91,0.5,1.38,2.2,2.05,1.51,1.35,1.35,1.045,0.405,1.395,2.165,1.74,1.8,0.89,0.99,0.86,0.59,0.83,1.32,1.53,0.97,0.55,18.97,17.27,27.74,14.92,11.37,20.767
,USNM 318899,M,2.12,1.9,1.13,0.73,1.67,0.53,1.24,2.62,2.055,1.87,1.27,1.375,1.835,0.305,1.54,2.265,1.53,1.83,1.27,1.38,1.26,0.35,0.8,1.38,2.14,1.03,1.03,18.68,17.57,27.4,15.74,11.34,19.452
,USNM 487930,M,1.86,2.19,0.85,0.81,2.05,0.69,1.26,1.98,2.22,2.09,1.44,1.29,1.61,0.33,1.485,1.97,1.94,1.97,0.9,0.79,1.03,0.54,1.04,0.97,1.6,1.07,0.86,20.2,18.34,26.14,15.02,10.85,23.947
,USNM 488037,M,2.17,2.22,1.18,0.95,2.02,0.56,1.26,2.23,2.345,2.005,1.32,1.455,1.995,0.43,1.535,2.21,1.79,1.99,0.89,1.07,1.12,0.7,0.96,1.81,2.05,1.3,1.11,21.08,19.09,27.79,16.04,11.73,23.073
,USNM 555822,M,1.9,2.1,1,0.89,2,0.32,1.25,2.79,2.175,1.845,0.875,1.275,2.375,0.35,1.52,2.26,1.58,1.49,1.39,1.09,1.27,0.44,0.6,0.82,1.75,1.08,0.93,19.35,18.24,28.36,15.2,12.21,19.773
,USNM 562477,M,1.92,2.1,1.03,0.8,1.94,0.6,1.4,2.41,2.08,2.105,1.16,1.415,1.41,0.435,1.595,2.315,1.65,1.9,1.33,1.14,1.48,0.46,1,1.56,1.69,1.49,1.25,19.23,19.83,28.52,12.78,11.75,22.949
Tyrannus forficatus,KU 15274,F,1.95,2.21,1.11,88,1.78,0.66,0.8,2.35,1.9,1.86,1.27,1.6,1.99,0.5,1.47,2.6,1.36,1.71,1.68,1.15,1.24,0.38,0.9,0.94,1.48,1.24,0.83,19.14,17.96,26.4,13.92,11.88,19.256
,KU 15275,F,1.99,2.08,1.09,0.77,1.84,0.46,1,1.9,2.26,1.87,1.52,1.54,1.72,0.57,1.63,1.95,1.56,1.92,1.54,1.23,1.33,0.36,0.76,0.4,1.9,1.1,0.69,19.06,15.3,24.61,13.75,11.22,19.535
,KU 15722,F,1.8,1.94,1.06,0.91,2.19,0.76,1.22,2.23,2.19,1.94,1.28,1.565,1.595,0.515,1.34,2.32,1.88,1.81,1.39,1.23,1.28,0.52,1.11,1.19,1.73,1.56,0.82,19.16,16.73,24.87,14.15,11.02,17.377
,KU 21077,F,2.02,2.07,1.21,0.97,1.28,0.7,0.94,2.66,2.15,1.96,1.58,1.84,1.4,0.55,1.88,2.56,1.5,1.34,1.41,1.17,1.29,0.43,0.7,0.74,1.7,1.17,1.37,18.91,17.17,26.5,13.73,11.75,22.429
,KU 21994,F,2.1,2.01,0.96,1.13,1.91,0.52,0.94,2.13,2.065,1.895,1.195,1.42,1.72,0.465,1.17,2.345,1.71,1.79,1.48,1.57,1.6,0.31,0.81,1.2,1.34,0.91,0.69,18.85,16.65,24.18,13.4,10.54,18.201
,KU 37649,F,2.01,1.8,1.09,1.05,1.89,0.59,1,2.38,2.16,2.02,1.69,1.7,2.44,0.64,1.47,2.56,1.34,1.66,1.73,1.39,1.14,0.4,1.09,1.91,1.5,1.23,1.41,18.84,16.75,25.19,13.38,11.1,21.229
,KU 55979,F,1.97,2.25,0.99,0.79,1.89,0.59,0.92,2.09,2.1,2.09,1.48,1.51,1.82,0.52,1.68,2.48,1.6,1.67,1.43,0.98,1.05,0.59,0.8,0.78,1.6,1.32,1.09,19.62,16.28,26.94,14.05,11.19,21.519
,KU 55980,F,2.29,1.83,1.09,1.33,2.23,0.45,1.1,2.07,1.99,1.76,1.67,1.48,1.575,0.41,1.43,2.05,1.41,1.5,1.45,1.39,1.12,0.43,0.75,0.82,1.73,1.33,0.82,18.57,17.38,25.16,13.73,10.99,19.127
,KU 79908,F,1.77,2.13,1.1,0.8,1.34,0.72,0.74,1.77,1.96,1.77,1.33,1.135,1.33,0.59,1.495,2.335,1.72,1.96,1.37,0.75,1.03,0.79,1.08,1.72,1.57,1.3,0.96,17.9,15.75,24.24,13.97,10.76,20.786
,LSUMZ 101223,F,2.01,1.88,1.24,1.03,2.5,0.59,1.29,1.89,2.17,1.715,1.39,1.74,2.13,0.54,1.645,2.28,1.34,1.2,1.23,1.02,1.02,0.49,0.7,0.71,1.8,1.33,0.77,18.12,17.56,25.12,10.98,11.32,20.347
,LSUMZ 103384,F,1.88,1.99,1.1,0.48,1.7,1,0.85,2.05,2.195,1.945,1.54,1.505,1.785,0.47,1.64,1.99,1.73,1.87,1.33,1.17,1.1,0.91,1.19,1.29,1.64,1.11,1.29,18.14,14.89,24.71,13.62,11,22.296
,UMMZ 235343,F,1.93,2.08,0.79,1,1.64,0.47,1.08,2.09,2.23,1.83,1.43,1.32,1.55,0.59,1.51,2.23,1.57,1.49,1.23,1.23,1.22,0.99,0.83,0.72,1.97,1.25,0.85,19.12,17.36,25.06,14.32,11.3,20.293
,UMMZ 235344,F,2.05,2.15,1.06,0.86,1.99,0.71,0.91,1.85,2.25,1.755,1.615,1.555,1.92,0.45,1.53,2.355,2.06,1.78,1.31,1.51,1.09,0.79,0.99,1.63,2.11,1.31,0.68,18.87,17.85,27.82,14.04,11.95,26.612
,USNM 611050,F,1.78,2.04,1.02,0.63,1.58,0.75,0.8,1.75,1.86,1.36,1.25,1.14,1.47,0.48,1.46,2.28,1.44,1.7,1.08,1,0.9,0.7,0.52,0.84,1.93,1,0.91,17.88,16.83,26.6,13.48,10.98,17.437
,FMNH 336831,M,2.15,1.97,1,0.8,1.7,0.79,1.24,2.5,2.075,1.735,1.23,1.32,1.41,0.66,1.55,2.53,1.66,2.16,1.55,0.93,1.05,0.91,1.11,1.17,1.79,1.29,1.22,18.57,16.61,26.51,15.66,12.22,19.451
,FMNH 336833,M,1.87,2.11,1.08,0.88,1.51,0.52,1.4,1.85,1.95,1.97,1.41,1.32,1.05,0.42,1.6,2.71,1.39,1.8,1.42,1.23,0.79,0.49,0.35,0.54,1.94,1.34,0.68,18.18,15.82,25.08,14.92,12.02,19.516
,KU 113447,M,2.03,2.52,1.21,0.69,1.95,0.66,0.91,2.17,2.26,1.9,1.49,1.42,1.48,0.56,1.81,2.39,1.54,1.61,1.41,1.19,0.87,0.51,0.97,0.94,1.79,1.3,0.79,19.21,15.28,27.54,13.69,12.72,19.08
,KU 16395,M,1.98,2.04,0.99,0.86,2.1,0.62,0.95,2.07,2.31,1.51,1.72,1.26,1.7,0.78,1.62,2.49,1.39,1.75,1.35,1.26,1.15,0.6,0.51,0.65,1.65,1.03,1.07,18.74,16.06,28.04,13.88,12.97,19.989
,KU 19665,M,2.12,1.95,1.04,0.87,1.96,0.62,1.25,2.06,2.1,1.52,1.385,1.68,1.525,0.335,1.455,2.19,1.61,1.72,1.38,1.17,1.11,0.41,0.82,1.17,1.75,1.07,0.89,19.12,16.9,25.45,13.91,11.64,18.07
,KU 19666,M,2.22,1.94,1.19,1,2.1,0.49,1.28,2.17,2.045,1.93,1.165,1.56,1.575,0.445,1.57,2.42,1.74,1.7,1.66,1.82,1.38,0.54,1.06,0.74,1.98,1.41,0.73,19.07,19.04,28.21,14.71,12.14,19.513
,KU 19668,M,1.94,1.84,1.15,0.97,1.81,0.54,0.91,2.27,1.99,1.685,1.585,1.78,1.41,0.48,1.455,2.115,1.58,1.4,1.41,0.87,0.95,0.38,0.4,0.41,1.87,1.12,1.03,18.06,16.95,24.99,13.63,11.14,17.928
,KU 19669,M,1.75,2.12,1.15,1.05,2.11,0.65,1.19,2.28,2.015,2.13,1.54,1.98,1.69,22.745,1.53,2.18,2.01,1.42,1.46,0.94,1.14,0.56,1.04,1.49,1.57,1.34,0.66,18.22,15.94,27.59,14.56,12.4,24.121
,KU 21195,M,2.02,2.09,1.22,1.12,2.07,0.63,1.15,2.55,2.12,1.8,1.1,1.5,1.17,0.57,1.6,2.34,1.58,1.54,1.43,1.41,1.23,0.41,0.5,0.63,2.01,1.41,0.87,19.86,17.75,28.35,14.98,12.1,21.707
,KU 21209,M,2.31,2.36,1.2,0.86,1.88,0.81,1.18,2.21,2.335,2.06,1.64,1.635,2.475,0.475,1.625,2.475,1.88,2.09,1.35,1.08,1.34,0.53,1.08,1.25,1.77,1.27,0.65,18.76,17.37,28.9,13.88,12.84,21.8
,KU 21210,M,1.94,2.04,1.9,0.61,1.17,0.77,1,1.89,2.11,1.86,1.88,1.69,2.35,0.42,1.36,2.85,1.88,1.62,1.52,1.09,1.37,0.72,1,1.91,1.59,1.27,1.1,18.89,17.68,26.69,14.44,11.29,21.101
,KU 34724,M,1.93,2.16,0.84,0.49,1.79,0.54,0.92,2.04,2.16,1.56,1.39,1.48,2.15,0.34,1.2,2.15,1.65,1.75,1.23,0.98,1.21,0.39,0.4,0.8,1.65,1.29,0.85,19.09,15.68,27.64,15.62,10.49,17.448
,KU 37647,M,2.32,1.91,1.38,1.07,1.43,0.42,1.38,2.14,2.07,1.82,1.5,1.13,1.42,0.29,1.5,2.17,1.8,2.01,1.29,0.86,1.03,0.61,1.06,1.58,1.49,1.15,0.9,17.58,16.1,26.44,12.72,12.35,21.439
,KU 55981,M,2.08,2.04,1.11,0.84,1.78,0.89,1.37,2.3,2.04,1.735,1.345,1.58,1.615,0.475,1.44,2.49,1.92,1.85,1.3,1.15,1.01,0.54,1.08,1.46,1.9,1.33,0.88,18.07,17.07,27.5,13.86,11.76,21.636
,LSUMZ 27964,M,2.38,2.03,1.03,0.85,1.61,0.68,1.07,1.69,2.22,1.86,1.565,1.685,1.83,0.415,1.555,2.275,1.95,1.77,1.13,0.98,1.16,0.55,1.11,1.27,1.8,1.29,0.82,18.8,16.28,26.03,13.58,12.45,23.633
,UMMZ 151206,M,1.69,1.99,0.91,0.64,1.82,0.49,0.91,2.22,2.09,1.46,1.1,0.76,1.13,0.4,1.48,2.33,1.44,1.91,1.37,1.37,1.2,0.21,0.93,1.1,2.05,1.16,0.67,18.04,15.95,27.79,13.86,12.32,20.217
,UMMZ 151300,M,2.07,1.86,0.9,0.99,1.43,0.71,1.14,1.87,2.035,1.775,1.625,1.62,1.37,0.53,1.525,2.135,1.42,1.43,1.48,1.14,1.17,0.66,1.15,1.76,1.6,1.32,1.29,18.36,16.51,27.26,12.58,12.33,22.396
,UMMZ 235345,M,1.92,2.03,0.96,0.46,1.4,0.35,0.88,2.23,2.2,1.85,1.35,1.69,1.76,0.54,1.53,2.22,1.56,2.03,1.3,1.51,1.53,0.3,0.93,1.29,2.41,1.18,0.56,19.18,18.21,27.92,13.92,12.5,21.68
,USNM 320781,M,2.25,2.11,1.14,0.86,1.96,0.43,1.21,2.04,2.09,1.92,1.4,1.55,1.6,0.48,1.8,2.46,1.8,1.57,1.06,1.18,1.13,0.44,0.91,1.42,1.94,1.43,0.82,19.04,17.4,28.22,14.74,12.53,23.21
,USNM 611049,M,2.1,2.19,0.95,0.88,2.09,0.69,0.87,2.09,2.345,1.535,1.295,1.23,1.85,0.28,1.64,2.255,1.97,1.86,1.23,1.29,0.88,0.57,0.97,1.32,1.64,1.21,1.2,19.29,16.96,27.7,15.12,12.45,20.352
Vidua Chalybeata,UMMZ 151107,F,1.26,1.27,0.47,0.54,1.22,0.34,0.55,1.12,1.4,1.275,0.895,1.17,1.19,0.24,0.59,1.195,1.03,1.16,0.86,0.45,0.75,0.38,0.7,0.94,0.67,0.53,0.55,12.95,11.61,16.77,8.91,7.22,8.531
,UMMZ 203374,F,1.16,1.19,0.55,0.34,0.95,0.24,0.5,1.44,1.4,1.25,0.73,0.6,0.85,0.24,0.7,1.11,1.2,1.28,1,1.02,0.6,0.34,0.54,0.77,0.79,0.61,0.71,13.37,11.29,17.59,8.58,7.33,8.19
,UMMZ 204759,F,1.07,1.2,0.6,0.38,0.87,0.49,0.53,1.41,1.285,1.285,0.91,1.11,1.15,0.355,0.745,1.095,1.26,1.1,0.74,0.83,0.62,0.15,0.8,1.1,0.81,0.74,0.56,13.24,9.8,17.39,7.99,7.57,8.968
,FMNH 312860,M,1.21,1.19,0.61,0.42,0.83,0.37,0.49,0.93,1.15,1.14,1.02,0.76,1.22,0.31,0.695,1.16,0.96,1.12,0.62,0.87,0.69,0.35,0.81,1.32,0.63,0.65,0.58,13.13,11.1,16.85,8.44,6.38,9.061
,UMMZ 217539,M,1.21,1.72,0.54,0.27,1.35,0.44,0.54,1.09,1.445,1.12,0.945,0.675,0.925,0.27,0.66,1.44,1.24,1.13,0.62,0.79,0.77,0.25,0.77,1.35,0.75,0.49,0.7,13.65,11.17,17.95,8.05,8.24,7.527
,UMMZ 219062,M,1.44,1.3,0.49,0.41,1.21,0.25,0.41,1.12,1.16,1.17,0.985,0.875,1.415,0.315,0.53,1.04,1.11,1.49,0.97,1,1.06,0.16,0.76,0.95,0.93,0.47,0.57,13.39,11.5,17.33,8.5,7.24,8.924
,UMMZ 222620,M,1.23,1.39,0.39,0.37,1,0.24,0.49,1.35,1.51,1.26,0.91,1.15,1.29,0.33,0.69,1.24,1.14,1.58,0.62,1.04,0.75,0.29,1.12,1.22,1.15,0.61,0.51,12.92,10.94,17.18,8.25,7.56,8.904
,UMMZ 222621,M,1.28,1.2,0.32,0.44,1.2,0.49,0.69,1.58,1.4,1.205,0.8,0.855,1.34,0.305,0.61,1.335,1.2,1.41,0.6,1.19,0.99,0.24,1.09,1.51,0.94,0.69,0.46,13.19,11.57,18.09,8.66,8.23,9.037
,UMMZ 235143,M,1.15,1.33,0.52,0.48,1.05,0.3,0.58,1.56,1.39,0.98,0.77,0.645,1.185,0.29,0.655,1.335,1.39,1.05,0.78,0.77,0.57,0.22,0.73,1.49,0.78,0.52,0.52,13.55,11.59,17.3,7.61,7.52,8.877
,UMMZ 235891,M,1.35,1.22,0.45,0.56,0.87,0.32,0.58,1.26,1.28,1.245,0.945,0.87,1.235,0.495,0.545,0.965,1.13,0.96,1,0.81,0.69,0.36,0.77,1.2,0.69,0.61,0.75,12.56,10.65,16.32,7.37,6.6,7.781
,UMMZ 235894,M,1.31,1.28,0.44,0.4,1.11,0.42,0.73,1.4,1.305,1.175,0.85,1.165,0.985,0.21,0.64,0.705,1.29,0.92,0.7,1.06,0.78,0.37,0.54,0.91,0.84,0.43,0.59,13.03,12.75,17.43,8.52,7.19,9.292
,YPM 111054,M,0.81,0.97,0.27,0.29,0.99,0.13,0.09,1.3,0.93,0.92,0.61,0.48,0.87,0.12,0.36,1,1.04,1.25,1.25,0.33,0.34,0.31,0.41,0.31,0.67,0.95,0.25,13.19,10.55,17.17,9.02,6.78,8.793
Vidua macroura,FMNH 312258,F,1.31,1.12,0.49,0.43,1.06,0.38,0.54,1.46,1.29,1.085,0.915,0.96,1.095,0.305,0.745,1.225,1.22,0.76,0.65,0.59,0.59,0.28,0.63,0.62,0.77,0.55,0.57,13.3,11.33,17.48,8.57,7.11,9.005
,LACM 89874,F,1.55,1.31,0.53,0.67,1.17,0.35,0.68,1.33,1.565,1.365,0.99,1.14,1.61,0.65,0.755,1.415,1.43,1.18,0.81,1.13,0.69,0.16,0.9,1.24,1.16,0.61,0.6,13.22,10.61,17.26,9.1,7.51,10.371
,UMMZ 212961,F,1.3,1.23,0.41,0.7,0.91,0.32,0.58,2.07,1.44,1.21,1.08,1.085,1.415,0.305,0.69,1.515,1.31,1.2,0.86,0.99,0.67,0.24,0.8,1.65,0.73,0.72,0.59,14.17,11.96,18.63,9.13,7.35,12.505
,UMMZ 218642,F,1.3,1.28,0.62,0.52,1.12,0.27,0.5,1.29,1.38,1.175,0.99,1.09,1.385,0.245,0.595,1.325,1.15,1.15,0.87,1.02,0.69,0.14,0.63,1.34,0.65,0.51,0.53,16.08,11.13,17.2,8.55,7.12,9.68
,LACM 89873,M,1.31,0.97,0.27,0.55,1.07,0.32,0.64,0.99,1.65,1.33,0.92,0.66,1.43,0.56,0.82,1.01,1.48,1.31,0.78,1.51,0.96,0.12,0.91,1.33,1.33,0.64,0.78,13.76,10.39,19.06,9.4,8,17.12
,UMMZ 136012,M,1.19,1.31,0.42,0.55,0.77,0.22,0.68,1.55,1.15,0.99,1.02,1.07,1.04,0.45,0.58,1.53,1.17,1.08,0.68,1.08,0.54,0.31,0.62,1.47,1.2,0.43,0.66,12.79,9.76,17.6,8.51,8.61,9.491
,UMMZ 217528,M,1.6,1.6,0.77,0.49,1.3,0.28,0.67,1.34,1.44,1.25,0.95,1.075,1.125,0.41,0.79,1.32,1.72,1.22,0.6,1.23,1.32,0.34,0.87,1.22,1.18,0.67,0.85,14.47,13.39,18.65,8.78,7.88,15.585
,UMMZ 232535,M,1.32,1.43,0.65,0.71,0.78,0.33,0.63,1.41,1.4,1.195,1.09,1.105,1.325,0.215,0.72,1.35,1.39,1.11,0.98,1.42,0.7,0.14,0.66,1.75,0.84,0.5,0.68,14,12.47,19.07,7.88,7.82,11.479
,,,,,,,,,,,,,,,,,,,,,,,,,,,,,,,,,,,
,,,,,,,,,,,,,,,,,,,,,,,,,,,,,,,,,,,
,,,,,,,,,,,,,,,,,,,,,,,,,,,,,,,,,,,
,,,,,,,,,,,,,,,,,,,,,,,,,,,,,,,,,,,
,,,,,,,,,,,,,,,,,,,,,,,,,,,,,,,,,,,
,,,,,,,,,,,,,,,,,,,,,,,,,,,,,,,,,,,
,,,,,,,,,,,,,,,,,,,,,,,,,,,,,,,,,,,
,,,,,,,,,,,,,,,,,,,,,,,,,,,,,,,,,,,
,,,,,,,,,,,,,,,,,,,,,,,,,,,,,,,,,,,
,,,,,,,,,,,,,,,,,,,,,,,,,,,,,,,,,,,
,,,,,,,,,,,,,,,,,,,,,,,,,,,,,,,,,,,
,,,,,,,,,,,,,,,,,,,,,,,,,,,,,,,,,,,
,,,,,,,,,,,,,,,,,,,,,,,,,,,,,,,,,,,
,,,,,,,,,,,,,,,,,,,,,,,,,,,,,,,,,,,
,,,,,,,,,,,,,,,,,,,,,,,,,,,,,,,,,,,